project	site	total_screenings	screening_1_complete	under_lmp_review	screening_ineligible	in_progress	withdrawn__preproduct	withdrawn__postproduct	randomized	complete	pi_prop	date
Project 1	0	0	0	0	0	0	0	0	0	0	proper	2020-10-12 10:54:00
Project 1	0	0	0	0	0	0	0	0	0	0	proper	2020-10-12 10:55:00
Project 1	0	0	0	0	0	0	0	0	0	0	proper	2020-10-12 12:07:00
Project 1	0	0	0	0	0	0	0	0	0	0	proper	2020-10-12 12:08:00
Project 1	0	0	0	0	0	0	0	0	0	0	proper	2020-10-12 12:08:00
Project 1	0	0	0	0	0	0	0	0	0	0	proper	2020-10-12 12:10:00
Project 1	0	0	0	0	0	0	0	0	0	0	proper	2020-10-12 12:12:00
Project 1	0	0	0	0	0	0	0	0	0	0	proper	2020-10-12 12:17:00
Project 1	0	0	0	0	0	0	0	0	0	0	proper	2020-10-12 12:20:00
Project 1	0	0	0	0	0	0	0	0	0	0	proper	2020-10-12 12:23:00
Project 1	0	0	0	0	0	0	0	0	0	0	proper	2020-10-12 13:11:00
Project 1	0	0	0	0	0	0	0	0	0	0	proper	2020-10-12 13:24:00
Project 1	0	0	0	0	0	0	0	0	0	0	proper	2020-10-14 07:50:00
Project 1	0	0	0	0	0	0	0	0	0	0	proper	2020-10-14 07:55:00
Project 1	0	0	0	0	0	0	0	0	0	0	proper	2020-10-14 07:56:00
Project 1	0	0	0	0	0	0	0	0	0	0	proper	2020-10-14 08:01:00
Project 1	0	0	0	0	0	0	0	0	0	0	proper	2020-10-14 08:02:00
Project 1	0	0	0	0	0	0	0	0	0	0	proper	2020-10-14 08:06:00
Project 1	0	0	0	0	0	0	0	0	0	0	proper	2020-10-14 08:07:00
Project 1	0	0	0	0	0	0	0	0	0	0	proper	2020-10-14 08:07:00
Project 1	0	0	0	0	0	0	0	0	0	0	proper	2020-10-14 11:17:00
Project 1	0	0	0	0	0	0	0	0	0	0	proper	2020-10-14 11:18:00
Project 1	0	0	0	0	0	0	0	0	0	0	proper	2020-10-14 11:18:00
Project 1	0	0	0	0	0	0	0	0	0	0	proper	2020-10-14 11:19:00
Project 1	0	0	0	0	0	0	0	0	0	0	proper	2020-10-14 11:21:00
Project 1	0	0	0	0	0	0	0	0	0	0	proper	2020-10-14 11:23:00
Project 1	0	0	0	0	0	0	0	0	0	0	proper	2020-10-14 16:24:00
Project 1	0	0	0	0	0	0	0	0	0	0	proper	2020-10-14 16:25:00
Project 1	0	0	0	0	0	0	0	0	0	0	proper	2020-10-14 16:29:00
Project 1	0	0	0	0	0	0	0	0	0	0	proper	2020-10-14 16:47:00
Project 1	0	0	0	0	0	0	0	0	0	0	proper	2020-10-14 16:49:00
Project 1	0	0	0	0	0	0	0	0	0	0	proper	2020-10-14 16:53:00
Project 1	0	0	0	0	0	0	0	0	0	0	proper	2020-10-14 16:54:00
Project 1	0	0	0	0	0	0	0	0	0	0	proper	2020-10-14 16:55:00
Project 1	0	0	0	0	0	0	0	0	0	0	proper	2020-10-14 17:02:00
Project 1	0	0	0	0	0	0	0	0	0	0	proper	2020-10-19 12:30:00
Project 1	0	0	0	0	0	0	0	0	0	0	proper	2020-10-20 08:20:00
Project 1	0	0	0	0	0	0	0	0	0	0	proper	2020-10-21 07:29:00
Project 1	0	0	0	0	0	0	0	0	0	0	proper	2020-10-22 08:06:00
Project 1	0	0	0	0	0	0	0	0	0	0	proper	2020-10-22 12:36:00
Project 1	0	0	0	0	0	0	0	0	0	0	proper	2020-10-22 13:40:00
Project 1	0	0	0	0	0	0	0	0	0	0	proper	2020-10-26 11:13:44
Project 1	0	0	0	0	0	0	0	0	0	0	proper	2020-10-26 11:17:27
Project 1	0	0	0	0	0	0	0	0	0	0	proper	2020-10-26 11:23:07
Project 1	0	0	0	0	0	0	0	0	0	0	proper	2020-10-26 11:24:07
Project 1	0	0	0	0	0	0	0	0	0	0	proper	2020-10-26 11:25:05
Project 1	0	0	0	0	0	0	0	0	0	0	proper	2020-10-26 11:25:12
Project 1	0	0	0	0	0	0	0	0	0	0	proper	2020-10-28 10:42:52
Project 1	0	0	0	0	0	0	0	0	0	0	proper	2020-10-28 14:23:18
Project 1	uvm	1	0	0	0	1	0	0	0	0	pilot	2020-10-12 10:54:00
Project 1	uvm	1	0	0	0	1	0	0	0	0	pilot	2020-10-12 10:55:00
Project 1	uvm	1	0	0	0	1	0	0	0	0	pilot	2020-10-12 12:07:00
Project 1	uvm	1	0	0	0	1	0	0	0	0	pilot	2020-10-12 12:08:00
Project 1	uvm	1	0	0	0	1	0	0	0	0	pilot	2020-10-12 12:08:00
Project 1	uvm	1	0	0	0	1	0	0	0	0	pilot	2020-10-12 12:10:00
Project 1	uvm	1	0	0	0	1	0	0	0	0	pilot	2020-10-12 12:12:00
Project 1	uvm	1	0	0	0	1	0	0	0	0	pilot	2020-10-12 12:17:00
Project 1	uvm	1	0	0	0	1	0	0	0	0	pilot	2020-10-12 12:20:00
Project 1	uvm	1	0	0	0	1	0	0	0	0	pilot	2020-10-12 12:23:00
Project 1	uvm	1	0	0	0	1	0	0	0	0	pilot	2020-10-12 13:11:00
Project 1	uvm	1	0	0	0	1	0	0	0	0	pilot	2020-10-12 13:24:00
Project 1	uvm	1	0	0	0	1	0	0	0	0	pilot	2020-10-14 07:50:00
Project 1	uvm	1	0	0	0	1	0	0	0	0	pilot	2020-10-14 07:55:00
Project 1	uvm	1	0	0	0	1	0	0	0	0	pilot	2020-10-14 07:56:00
Project 1	uvm	1	0	0	0	1	0	0	0	0	pilot	2020-10-14 08:01:00
Project 1	uvm	1	0	0	0	1	0	0	0	0	pilot	2020-10-14 08:02:00
Project 1	uvm	1	0	0	0	1	0	0	0	0	pilot	2020-10-14 08:06:00
Project 1	uvm	1	0	0	0	1	0	0	0	0	pilot	2020-10-14 08:07:00
Project 1	uvm	1	0	0	0	1	0	0	0	0	pilot	2020-10-14 08:07:00
Project 1	uvm	1	0	0	0	1	0	0	0	0	pilot	2020-10-14 11:17:00
Project 1	uvm	1	0	0	0	1	0	0	0	0	pilot	2020-10-14 11:18:00
Project 1	uvm	1	0	0	0	1	0	0	0	0	pilot	2020-10-14 11:18:00
Project 1	uvm	1	0	0	0	1	0	0	0	0	pilot	2020-10-14 11:19:00
Project 1	uvm	1	0	0	0	1	0	0	0	0	pilot	2020-10-14 11:21:00
Project 1	uvm	1	0	0	0	1	0	0	0	0	pilot	2020-10-14 11:23:00
Project 1	uvm	1	0	0	0	1	0	0	0	0	pilot	2020-10-14 16:24:00
Project 1	uvm	1	0	0	0	1	0	0	0	0	pilot	2020-10-14 16:25:00
Project 1	uvm	1	0	0	0	1	0	0	0	0	pilot	2020-10-14 16:29:00
Project 1	uvm	1	0	0	0	1	0	0	0	0	pilot	2020-10-14 16:47:00
Project 1	uvm	1	0	0	0	1	0	0	0	0	pilot	2020-10-14 16:49:00
Project 1	uvm	1	0	0	0	1	0	0	0	0	pilot	2020-10-14 16:53:00
Project 1	uvm	1	0	0	0	1	0	0	0	0	pilot	2020-10-14 16:54:00
Project 1	uvm	1	0	0	0	1	0	0	0	0	pilot	2020-10-14 16:55:00
Project 1	uvm	1	0	0	0	1	0	0	0	0	pilot	2020-10-14 17:02:00
Project 1	uvm	4	2	0	2	0	0	0	0	0	proper	2020-10-28 14:23:18
Project 2	0	0	0	0	0	0	0	0	0	0	proper	2020-10-12 10:54:00
Project 2	0	0	0	0	0	0	0	0	0	0	proper	2020-10-12 10:55:00
Project 2	0	0	0	0	0	0	0	0	0	0	proper	2020-10-12 12:07:00
Project 2	0	0	0	0	0	0	0	0	0	0	proper	2020-10-12 12:08:00
Project 2	0	0	0	0	0	0	0	0	0	0	proper	2020-10-12 12:08:00
Project 2	0	0	0	0	0	0	0	0	0	0	proper	2020-10-12 12:10:00
Project 2	0	0	0	0	0	0	0	0	0	0	proper	2020-10-12 12:12:00
Project 2	0	0	0	0	0	0	0	0	0	0	proper	2020-10-12 12:17:00
Project 2	0	0	0	0	0	0	0	0	0	0	proper	2020-10-12 12:20:00
Project 2	0	0	0	0	0	0	0	0	0	0	proper	2020-10-12 12:23:00
Project 2	0	0	0	0	0	0	0	0	0	0	proper	2020-10-12 13:11:00
Project 2	0	0	0	0	0	0	0	0	0	0	proper	2020-10-12 13:24:00
Project 2	0	0	0	0	0	0	0	0	0	0	proper	2020-10-14 07:50:00
Project 2	0	0	0	0	0	0	0	0	0	0	proper	2020-10-14 07:55:00
Project 2	0	0	0	0	0	0	0	0	0	0	proper	2020-10-14 07:56:00
Project 2	0	0	0	0	0	0	0	0	0	0	proper	2020-10-14 08:01:00
Project 2	0	0	0	0	0	0	0	0	0	0	proper	2020-10-14 08:02:00
Project 2	0	0	0	0	0	0	0	0	0	0	proper	2020-10-14 08:06:00
Project 2	0	0	0	0	0	0	0	0	0	0	proper	2020-10-14 08:07:00
Project 2	0	0	0	0	0	0	0	0	0	0	proper	2020-10-14 08:07:00
Project 2	0	0	0	0	0	0	0	0	0	0	proper	2020-10-14 11:17:00
Project 2	0	0	0	0	0	0	0	0	0	0	proper	2020-10-14 11:18:00
Project 2	0	0	0	0	0	0	0	0	0	0	proper	2020-10-14 11:18:00
Project 2	0	0	0	0	0	0	0	0	0	0	proper	2020-10-14 11:19:00
Project 2	0	0	0	0	0	0	0	0	0	0	proper	2020-10-14 11:21:00
Project 2	0	0	0	0	0	0	0	0	0	0	proper	2020-10-14 11:23:00
Project 2	0	0	0	0	0	0	0	0	0	0	proper	2020-10-14 16:24:00
Project 2	0	0	0	0	0	0	0	0	0	0	proper	2020-10-14 16:25:00
Project 2	0	0	0	0	0	0	0	0	0	0	proper	2020-10-14 16:29:00
Project 2	0	0	0	0	0	0	0	0	0	0	proper	2020-10-14 16:47:00
Project 2	0	0	0	0	0	0	0	0	0	0	proper	2020-10-14 16:49:00
Project 2	0	0	0	0	0	0	0	0	0	0	proper	2020-10-14 16:53:00
Project 2	0	0	0	0	0	0	0	0	0	0	proper	2020-10-14 16:54:00
Project 2	0	0	0	0	0	0	0	0	0	0	proper	2020-10-14 16:55:00
Project 2	0	0	0	0	0	0	0	0	0	0	proper	2020-10-14 17:02:00
Project 2	0	0	0	0	0	0	0	0	0	0	proper	2020-10-19 12:30:00
Project 2	0	0	0	0	0	0	0	0	0	0	proper	2020-10-20 08:20:00
Project 2	0	0	0	0	0	0	0	0	0	0	proper	2020-10-21 07:29:00
Project 2	0	0	0	0	0	0	0	0	0	0	proper	2020-10-22 08:06:00
Project 2	0	0	0	0	0	0	0	0	0	0	proper	2020-10-22 12:36:00
Project 2	0	0	0	0	0	0	0	0	0	0	proper	2020-10-22 13:40:00
Project 2	0	0	0	0	0	0	0	0	0	0	proper	2020-10-26 11:13:44
Project 2	0	0	0	0	0	0	0	0	0	0	proper	2020-10-26 11:17:27
Project 2	0	0	0	0	0	0	0	0	0	0	proper	2020-10-26 11:23:07
Project 2	0	0	0	0	0	0	0	0	0	0	proper	2020-10-26 11:24:07
Project 2	0	0	0	0	0	0	0	0	0	0	proper	2020-10-26 11:25:05
Project 2	0	0	0	0	0	0	0	0	0	0	proper	2020-10-26 11:25:12
Project 2	0	0	0	0	0	0	0	0	0	0	proper	2020-10-28 10:42:52
Project 2	0	0	0	0	0	0	0	0	0	0	proper	2020-10-28 14:23:18
Project 2	uvm	2	0	0	0	2	0	0	0	0	pilot	2020-10-12 10:54:00
Project 2	uvm	2	0	0	0	2	0	0	0	0	pilot	2020-10-12 10:55:00
Project 2	uvm	2	0	0	0	2	0	0	0	0	pilot	2020-10-12 12:07:00
Project 2	uvm	2	0	0	0	2	0	0	0	0	pilot	2020-10-12 12:08:00
Project 2	uvm	2	0	0	0	2	0	0	0	0	pilot	2020-10-12 12:08:00
Project 2	uvm	2	0	0	0	2	0	0	0	0	pilot	2020-10-12 12:10:00
Project 2	uvm	2	0	0	0	2	0	0	0	0	pilot	2020-10-12 12:12:00
Project 2	uvm	2	0	0	0	2	0	0	0	0	pilot	2020-10-12 12:17:00
Project 2	uvm	2	0	0	0	2	0	0	0	0	pilot	2020-10-12 12:20:00
Project 2	uvm	2	0	0	0	2	0	0	0	0	pilot	2020-10-12 12:23:00
Project 2	uvm	2	0	0	0	2	0	0	0	0	pilot	2020-10-12 13:11:00
Project 2	uvm	2	0	0	0	2	0	0	0	0	pilot	2020-10-12 13:24:00
Project 2	uvm	3	0	0	0	3	0	0	1	0	pilot	2020-10-14 07:50:00
Project 2	uvm	3	0	0	0	3	0	0	1	0	pilot	2020-10-14 07:55:00
Project 2	uvm	3	0	0	0	3	0	0	1	0	pilot	2020-10-14 07:56:00
Project 2	uvm	3	0	0	0	3	0	0	1	0	pilot	2020-10-14 08:01:00
Project 2	uvm	3	0	0	0	3	0	0	1	0	pilot	2020-10-14 08:02:00
Project 2	uvm	3	0	0	0	3	0	0	1	0	pilot	2020-10-14 08:06:00
Project 2	uvm	3	0	0	0	3	0	0	1	0	pilot	2020-10-14 08:07:00
Project 2	uvm	3	0	0	0	3	0	0	1	0	pilot	2020-10-14 08:07:00
Project 2	uvm	3	0	0	0	3	0	0	1	0	pilot	2020-10-14 11:17:00
Project 2	uvm	3	0	0	0	3	0	0	1	0	pilot	2020-10-14 11:18:00
Project 2	uvm	3	0	0	0	3	0	0	1	0	pilot	2020-10-14 11:18:00
Project 2	uvm	3	0	0	0	3	0	0	1	0	pilot	2020-10-14 11:19:00
Project 2	uvm	3	0	0	0	3	0	0	1	0	pilot	2020-10-14 11:21:00
Project 2	uvm	3	0	0	0	3	0	0	1	0	pilot	2020-10-14 11:23:00
Project 2	uvm	3	0	0	0	3	0	0	2	0	pilot	2020-10-14 16:24:00
Project 2	uvm	3	0	0	0	3	0	0	2	0	pilot	2020-10-14 16:25:00
Project 2	uvm	3	0	0	0	3	0	0	2	0	pilot	2020-10-14 16:29:00
Project 2	uvm	3	0	0	0	3	0	0	2	0	pilot	2020-10-14 16:47:00
Project 2	uvm	3	0	0	0	3	0	0	2	0	pilot	2020-10-14 16:49:00
Project 2	uvm	3	0	0	0	3	0	0	2	0	pilot	2020-10-14 16:53:00
Project 2	uvm	3	0	0	0	3	0	0	2	0	pilot	2020-10-14 16:54:00
Project 2	uvm	3	0	0	0	3	0	0	2	0	pilot	2020-10-14 16:55:00
Project 2	uvm	3	0	0	0	3	0	0	2	0	pilot	2020-10-14 17:02:00
Project 2	uvm	3	0	0	0	3	0	0	2	0	pilot	2020-10-19 12:30:00
Project 2	uvm	1	0	1	0	0	0	0	0	0	proper	2020-10-28 14:23:18
Project 3	brown	1	0	0	0	1	0	0	0	0	pilot	2020-10-12 10:54:00
Project 3	brown	1	0	0	0	1	0	0	0	0	pilot	2020-10-12 10:55:00
Project 3	brown	1	0	0	0	1	0	0	0	0	pilot	2020-10-12 12:07:00
Project 3	brown	1	0	0	0	1	0	0	0	0	pilot	2020-10-12 12:08:00
Project 3	brown	1	0	0	0	1	0	0	0	0	pilot	2020-10-12 12:08:00
Project 3	brown	1	0	0	0	1	0	0	0	0	pilot	2020-10-12 12:10:00
Project 3	brown	1	0	0	0	1	0	0	0	0	pilot	2020-10-12 12:12:00
Project 3	brown	1	0	0	0	1	0	0	0	0	pilot	2020-10-12 12:17:00
Project 3	brown	1	0	0	0	1	0	0	0	0	pilot	2020-10-12 12:20:00
Project 3	brown	1	0	0	0	1	0	0	0	0	pilot	2020-10-12 12:23:00
Project 3	brown	1	0	0	0	1	0	0	0	0	pilot	2020-10-12 13:11:00
Project 3	brown	1	0	0	0	1	0	0	0	0	pilot	2020-10-12 13:24:00
Project 3	brown	3	0	2	0	1	0	0	0	0	pilot	2020-10-14 07:50:00
Project 3	brown	3	0	2	0	1	0	0	0	0	pilot	2020-10-14 07:55:00
Project 3	brown	3	0	2	0	1	0	0	0	0	pilot	2020-10-14 07:56:00
Project 3	brown	3	0	2	0	1	0	0	0	0	pilot	2020-10-14 08:01:00
Project 3	brown	3	0	2	0	1	0	0	0	0	pilot	2020-10-14 08:02:00
Project 3	brown	3	0	2	0	1	0	0	0	0	pilot	2020-10-14 08:06:00
Project 3	brown	3	0	2	0	1	0	0	0	0	pilot	2020-10-14 08:07:00
Project 3	brown	3	0	2	0	1	0	0	0	0	pilot	2020-10-14 08:07:00
Project 3	brown	3	0	2	0	1	0	0	0	0	pilot	2020-10-14 11:17:00
Project 3	brown	3	0	2	0	1	0	0	0	0	pilot	2020-10-14 11:18:00
Project 3	brown	3	0	2	0	1	0	0	0	0	pilot	2020-10-14 11:18:00
Project 3	brown	3	0	2	0	1	0	0	0	0	pilot	2020-10-14 11:19:00
Project 3	brown	3	0	2	0	1	0	0	0	0	pilot	2020-10-14 11:21:00
Project 3	brown	3	0	2	0	1	0	0	0	0	pilot	2020-10-14 11:23:00
Project 3	brown	3	0	2	0	1	0	0	0	0	pilot	2020-10-14 16:24:00
Project 3	brown	3	0	2	0	1	0	0	0	0	pilot	2020-10-14 16:25:00
Project 3	brown	3	0	2	0	1	0	0	0	0	pilot	2020-10-14 16:29:00
Project 3	brown	3	0	2	0	1	0	0	0	0	pilot	2020-10-14 16:47:00
Project 3	brown	3	0	2	0	1	0	0	0	0	pilot	2020-10-14 16:49:00
Project 3	brown	3	0	2	0	1	0	0	0	0	pilot	2020-10-14 16:53:00
Project 3	brown	3	0	2	0	1	0	0	0	0	pilot	2020-10-14 16:54:00
Project 3	brown	3	0	2	0	1	0	0	0	0	pilot	2020-10-14 16:55:00
Project 3	brown	3	0	2	0	1	0	0	0	0	pilot	2020-10-14 17:02:00
Project 3	brown	3	0	2	0	1	0	0	0	0	pilot	2020-10-19 12:30:00
Project 3	brown	3	0	2	0	1	0	0	0	0	pilot	2020-10-20 08:20:00
Project 3	brown	3	0	0	0	3	0	0	0	0	pilot	2020-10-21 07:29:00
Project 3	brown	3	0	0	0	3	0	0	0	0	pilot	2020-10-22 08:06:00
Project 3	brown	3	0	0	0	3	0	0	0	0	pilot	2020-10-22 12:36:00
Project 3	brown	3	0	0	0	3	0	0	0	0	pilot	2020-10-22 13:40:00
Project 3	brown	3	0	0	0	3	0	0	1	0	pilot	2020-10-26 11:13:44
Project 3	brown	3	0	0	0	3	0	0	1	0	pilot	2020-10-26 11:17:27
Project 3	brown	3	0	0	0	3	0	0	1	0	pilot	2020-10-26 11:23:07
Project 3	brown	3	0	0	0	3	0	0	1	0	pilot	2020-10-26 11:24:07
Project 3	brown	3	0	0	0	3	0	0	1	0	pilot	2020-10-26 11:25:05
Project 3	brown	3	0	0	0	3	0	0	1	0	pilot	2020-10-26 11:25:12
Project 3	brown	3	0	0	0	3	0	0	1	0	pilot	2020-10-28 10:42:52
Project 3	brown	3	0	0	0	3	0	0	1	0	pilot	2020-10-28 14:23:18
Project 3	uvm	6	0	1	4	1	0	0	1	0	pilot	2020-10-12 10:54:00
Project 3	uvm	6	0	1	4	1	0	0	1	0	pilot	2020-10-12 10:55:00
Project 3	uvm	6	0	1	4	1	0	0	1	0	pilot	2020-10-12 12:07:00
Project 3	uvm	6	0	1	4	1	0	0	1	0	pilot	2020-10-12 12:08:00
Project 3	uvm	6	0	1	4	1	0	0	1	0	pilot	2020-10-12 12:08:00
Project 3	uvm	6	0	1	4	1	0	0	1	0	pilot	2020-10-12 12:10:00
Project 3	uvm	6	0	1	4	1	0	0	1	0	pilot	2020-10-12 12:12:00
Project 3	uvm	6	0	1	4	1	0	0	1	0	pilot	2020-10-12 12:17:00
Project 3	uvm	6	0	1	4	1	0	0	1	0	pilot	2020-10-12 12:20:00
Project 3	uvm	6	0	1	4	1	0	0	1	0	pilot	2020-10-12 12:23:00
Project 3	uvm	6	0	1	4	1	0	0	1	0	pilot	2020-10-12 13:11:00
Project 3	uvm	6	0	1	4	1	0	0	1	0	pilot	2020-10-12 13:24:00
Project 3	uvm	7	0	1	5	1	0	0	1	0	pilot	2020-10-14 07:50:00
Project 3	uvm	7	0	1	5	1	0	0	1	0	pilot	2020-10-14 07:55:00
Project 3	uvm	7	0	1	5	1	0	0	1	0	pilot	2020-10-14 07:56:00
Project 3	uvm	7	0	1	5	1	0	0	1	0	pilot	2020-10-14 08:01:00
Project 3	uvm	7	0	1	5	1	0	0	1	0	pilot	2020-10-14 08:02:00
Project 3	uvm	7	0	1	5	1	0	0	1	0	pilot	2020-10-14 08:06:00
Project 3	uvm	7	0	1	5	1	0	0	1	0	pilot	2020-10-14 08:07:00
Project 3	uvm	7	0	1	5	1	0	0	1	0	pilot	2020-10-14 08:07:00
Project 3	uvm	7	0	1	5	1	0	0	1	0	pilot	2020-10-14 11:17:00
Project 3	uvm	7	0	1	5	1	0	0	1	0	pilot	2020-10-14 11:18:00
Project 3	uvm	7	0	1	5	1	0	0	1	0	pilot	2020-10-14 11:18:00
Project 3	uvm	7	0	1	5	1	0	0	1	0	pilot	2020-10-14 11:19:00
Project 3	uvm	7	0	1	5	1	0	0	1	0	pilot	2020-10-14 11:21:00
Project 3	uvm	7	0	1	5	1	0	0	1	0	pilot	2020-10-14 11:23:00
Project 3	uvm	6	0	0	5	1	0	0	1	0	pilot	2020-10-14 16:24:00
Project 3	uvm	6	0	0	5	1	0	0	1	0	pilot	2020-10-14 16:25:00
Project 3	uvm	6	0	0	5	1	0	0	1	0	pilot	2020-10-14 16:29:00
Project 3	uvm	6	0	0	5	1	0	0	1	0	pilot	2020-10-14 16:47:00
Project 3	uvm	6	0	0	5	1	0	0	1	0	pilot	2020-10-14 16:49:00
Project 3	uvm	6	0	0	5	1	0	0	1	0	pilot	2020-10-14 16:53:00
Project 3	uvm	6	0	0	5	1	0	0	1	0	pilot	2020-10-14 16:54:00
Project 3	uvm	6	0	0	5	1	0	0	1	0	pilot	2020-10-14 16:55:00
Project 3	uvm	6	0	0	5	1	0	0	1	0	pilot	2020-10-14 17:02:00
Project 3	uvm	6	0	0	5	1	0	0	1	0	pilot	2020-10-19 12:30:00
Project 3	uvm	6	0	0	5	1	0	0	1	0	pilot	2020-10-20 08:20:00
Project 3	uvm	6	0	0	5	1	0	0	1	0	pilot	2020-10-21 07:29:00
Project 3	uvm	6	0	0	5	1	0	0	1	0	pilot	2020-10-22 08:06:00
Project 3	uvm	6	0	0	5	1	0	0	1	0	pilot	2020-10-22 12:36:00
Project 3	uvm	6	0	0	5	1	0	0	1	0	pilot	2020-10-22 13:40:00
Project 3	uvm	6	1	0	5	1	0	0	1	0	pilot	2020-10-26 11:13:44
Project 3	uvm	6	1	0	5	1	0	0	1	0	pilot	2020-10-26 11:17:27
Project 3	uvm	6	1	0	5	1	0	0	1	0	pilot	2020-10-26 11:23:07
Project 3	uvm	6	1	0	5	1	0	0	1	0	pilot	2020-10-26 11:24:07
Project 3	uvm	6	1	0	5	1	0	0	1	0	pilot	2020-10-26 11:25:05
Project 3	uvm	6	1	0	5	1	0	0	1	0	pilot	2020-10-26 11:25:12
Project 3	uvm	0	0	0	0	0	0	0	0	0	proper	2020-10-28 10:42:52
Project 3	uvm	6	1	0	4	1	0	0	1	0	pilot	2020-10-28 14:23:18
Project 3	uvm	3	1	0	2	0	0	0	0	0	proper	2020-10-28 14:23:18
"Project 1"	"0"	0	0	0	0	0	0	0	0	0	"proper"	2020-10-28 14:38:46
"Project 1"	"uvm"	1	0	0	0	1	0	0	1	0	"pilot"	2020-10-28 14:38:46
"Project 1"	"uvm"	4	2	0	2	0	0	0	0	0	"proper"	2020-10-28 14:38:46
"Project 2"	"0"	0	0	0	0	0	0	0	0	0	"proper"	2020-10-28 14:38:46
"Project 2"	"uvm"	3	0	0	0	3	0	0	3	0	"pilot"	2020-10-28 14:38:46
"Project 2"	"uvm"	1	0	1	0	0	0	0	0	0	"proper"	2020-10-28 14:38:46
"Project 3"	"brown"	3	0	0	0	3	0	0	1	0	"pilot"	2020-10-28 14:38:46
"Project 3"	"uvm"	6	1	0	4	1	0	0	1	0	"pilot"	2020-10-28 14:38:46
"Project 3"	"uvm"	3	1	0	2	0	0	0	0	0	"proper"	2020-10-28 14:38:46
"Project 1"	"0"	0	0	0	0	0	0	0	0	0	"proper"	2020-10-29 08:57:51
"Project 1"	"uvm"	1	0	0	0	1	0	0	1	0	"pilot"	2020-10-29 08:57:51
"Project 1"	"uvm"	4	1	1	2	0	0	0	0	0	"proper"	2020-10-29 08:57:51
"Project 2"	"0"	0	0	0	0	0	0	0	0	0	"proper"	2020-10-29 08:57:51
"Project 2"	"uvm"	3	0	0	0	3	0	0	3	0	"pilot"	2020-10-29 08:57:51
"Project 2"	"uvm"	1	0	1	0	0	0	0	0	0	"proper"	2020-10-29 08:57:51
"Project 3"	"brown"	3	0	0	0	3	0	0	1	0	"pilot"	2020-10-29 08:57:51
"Project 3"	"uvm"	6	1	0	4	1	0	0	1	0	"pilot"	2020-10-29 08:57:51
"Project 3"	"uvm"	3	1	0	2	0	0	0	0	0	"proper"	2020-10-29 08:57:51
"Project 1"	"0"	0	0	0	0	0	0	0	0	0	"proper"	2020-10-29 08:58:16
"Project 1"	"uvm"	1	0	0	0	1	0	0	1	0	"pilot"	2020-10-29 08:58:16
"Project 1"	"uvm"	4	1	1	2	0	0	0	0	0	"proper"	2020-10-29 08:58:16
"Project 2"	"0"	0	0	0	0	0	0	0	0	0	"proper"	2020-10-29 08:58:16
"Project 2"	"uvm"	3	0	0	0	3	0	0	3	0	"pilot"	2020-10-29 08:58:16
"Project 2"	"uvm"	1	0	1	0	0	0	0	0	0	"proper"	2020-10-29 08:58:16
"Project 3"	"brown"	3	0	0	0	3	0	0	1	0	"pilot"	2020-10-29 08:58:16
"Project 3"	"uvm"	6	1	0	4	1	0	0	1	0	"pilot"	2020-10-29 08:58:16
"Project 3"	"uvm"	3	1	0	2	0	0	0	0	0	"proper"	2020-10-29 08:58:16
"Project 1"	"0"	0	0	0	0	0	0	0	0	0	"proper"	2020-10-29 08:58:45
"Project 1"	"uvm"	1	0	0	0	1	0	0	1	0	"pilot"	2020-10-29 08:58:45
"Project 1"	"uvm"	4	1	1	2	0	0	0	0	0	"proper"	2020-10-29 08:58:45
"Project 2"	"0"	0	0	0	0	0	0	0	0	0	"proper"	2020-10-29 08:58:45
"Project 2"	"uvm"	3	0	0	0	3	0	0	3	0	"pilot"	2020-10-29 08:58:45
"Project 2"	"uvm"	1	0	1	0	0	0	0	0	0	"proper"	2020-10-29 08:58:45
"Project 3"	"brown"	3	0	0	0	3	0	0	1	0	"pilot"	2020-10-29 08:58:45
"Project 3"	"uvm"	6	1	0	4	1	0	0	1	0	"pilot"	2020-10-29 08:58:45
"Project 3"	"uvm"	3	1	0	2	0	0	0	0	0	"proper"	2020-10-29 08:58:45
"Project 1"	"0"	0	0	0	0	0	0	0	0	0	"proper"	2020-10-29 08:59:09
"Project 1"	"uvm"	1	0	0	0	1	0	0	1	0	"pilot"	2020-10-29 08:59:09
"Project 1"	"uvm"	4	1	1	2	0	0	0	0	0	"proper"	2020-10-29 08:59:09
"Project 2"	"0"	0	0	0	0	0	0	0	0	0	"proper"	2020-10-29 08:59:09
"Project 2"	"uvm"	3	0	0	0	3	0	0	3	0	"pilot"	2020-10-29 08:59:09
"Project 2"	"uvm"	1	0	1	0	0	0	0	0	0	"proper"	2020-10-29 08:59:09
"Project 3"	"brown"	3	0	0	0	3	0	0	1	0	"pilot"	2020-10-29 08:59:09
"Project 3"	"uvm"	6	1	0	4	1	0	0	1	0	"pilot"	2020-10-29 08:59:09
"Project 3"	"uvm"	3	1	0	2	0	0	0	0	0	"proper"	2020-10-29 08:59:09
"Project 1"	"0"	0	0	0	0	0	0	0	0	0	"proper"	2020-11-02 06:37:10
"Project 1"	"uvm"	1	0	0	0	1	0	0	1	0	"pilot"	2020-11-02 06:37:10
"Project 1"	"uvm"	5	2	1	2	0	0	0	0	0	"proper"	2020-11-02 06:37:10
"Project 2"	"0"	0	0	0	0	0	0	0	0	0	"proper"	2020-11-02 06:37:10
"Project 2"	"uvm"	3	0	0	0	3	0	0	3	0	"pilot"	2020-11-02 06:37:10
"Project 2"	"uvm"	2	1	0	0	1	0	0	0	0	"proper"	2020-11-02 06:37:10
"Project 3"	"brown"	3	0	0	0	3	0	0	1	0	"pilot"	2020-11-02 06:37:10
"Project 3"	"uvm"	6	1	0	4	1	0	0	1	0	"pilot"	2020-11-02 06:37:10
"Project 3"	"uvm"	3	1	0	2	0	0	0	0	0	"proper"	2020-11-02 06:37:10
"Project 1"	"0"	0	0	0	0	0	0	0	0	0	"proper"	2020-11-02 09:54:18
"Project 1"	"uvm"	1	0	0	0	1	0	0	1	0	"pilot"	2020-11-02 09:54:18
"Project 1"	"uvm"	5	2	0	2	1	0	0	0	0	"proper"	2020-11-02 09:54:18
"Project 2"	"0"	0	0	0	0	0	0	0	0	0	"proper"	2020-11-02 09:54:18
"Project 2"	"uvm"	3	0	0	0	3	0	0	3	0	"pilot"	2020-11-02 09:54:18
"Project 2"	"uvm"	2	1	0	0	1	0	0	0	0	"proper"	2020-11-02 09:54:18
"Project 3"	"brown"	3	0	0	0	3	0	0	1	0	"pilot"	2020-11-02 09:54:18
"Project 3"	"uvm"	6	1	0	4	1	0	0	1	0	"pilot"	2020-11-02 09:54:18
"Project 3"	"uvm"	3	1	0	2	0	0	0	0	0	"proper"	2020-11-02 09:54:18
"Project 1"	"0"	0	0	0	0	0	0	0	0	0	"proper"	2020-11-04 15:54:58
"Project 1"	"uvm"	1	0	0	0	1	0	0	1	0	"pilot"	2020-11-04 15:54:58
"Project 1"	"uvm"	5	1	2	1	1	0	0	0	0	"proper"	2020-11-04 15:54:58
"Project 2"	"0"	0	0	0	0	0	0	0	0	0	"proper"	2020-11-04 15:54:58
"Project 2"	"uvm"	3	0	0	0	3	0	0	3	0	"pilot"	2020-11-04 15:54:58
"Project 2"	"uvm"	2	1	0	0	1	0	0	0	0	"proper"	2020-11-04 15:54:58
"Project 3"	"brown"	3	0	0	0	3	0	0	2	0	"pilot"	2020-11-04 15:54:58
"Project 3"	"uvm"	6	1	0	4	1	0	0	1	0	"pilot"	2020-11-04 15:54:58
"Project 3"	"uvm"	4	2	0	2	0	0	0	0	0	"proper"	2020-11-04 15:54:58
"Project 1"	"0"	0	0	0	0	0	0	0	0	0	"proper"	2020-11-04 16:02:16
"Project 1"	"uvm"	1	0	0	0	1	0	0	1	0	"pilot"	2020-11-04 16:02:16
"Project 1"	"uvm"	5	1	2	1	1	0	0	0	0	"proper"	2020-11-04 16:02:16
"Project 2"	"0"	0	0	0	0	0	0	0	0	0	"proper"	2020-11-04 16:02:16
"Project 2"	"uvm"	3	0	0	0	3	0	0	3	0	"pilot"	2020-11-04 16:02:16
"Project 2"	"uvm"	2	1	0	0	1	0	0	0	0	"proper"	2020-11-04 16:02:16
"Project 3"	"brown"	3	0	0	0	3	0	0	2	0	"pilot"	2020-11-04 16:02:16
"Project 3"	"uvm"	6	1	0	4	1	0	0	1	0	"pilot"	2020-11-04 16:02:16
"Project 3"	"uvm"	4	2	0	2	0	0	0	0	0	"proper"	2020-11-04 16:02:16
"Project 1"	"0"	0	0	0	0	0	0	0	0	0	"proper"	2020-11-04 16:13:01
"Project 1"	"uvm"	1	0	0	0	1	0	0	1	0	"pilot"	2020-11-04 16:13:01
"Project 1"	"uvm"	5	1	2	1	1	0	0	0	0	"proper"	2020-11-04 16:13:01
"Project 2"	"0"	0	0	0	0	0	0	0	0	0	"proper"	2020-11-04 16:13:01
"Project 2"	"uvm"	3	0	0	0	3	0	0	3	0	"pilot"	2020-11-04 16:13:01
"Project 2"	"uvm"	2	1	0	0	1	0	0	0	0	"proper"	2020-11-04 16:13:01
"Project 3"	"brown"	3	0	0	0	3	0	0	2	0	"pilot"	2020-11-04 16:13:01
"Project 3"	"uvm"	6	1	0	4	1	0	0	1	0	"pilot"	2020-11-04 16:13:01
"Project 3"	"uvm"	4	2	0	2	0	0	0	0	0	"proper"	2020-11-04 16:13:01
"Project 1"	"0"	0	0	0	0	0	0	0	0	0	"proper"	2020-11-04 19:46:43
"Project 1"	"uvm"	1	0	0	0	1	0	0	1	0	"pilot"	2020-11-04 19:46:43
"Project 1"	"uvm"	6	2	2	1	1	0	0	0	0	"proper"	2020-11-04 19:46:43
"Project 2"	"0"	0	0	0	0	0	0	0	0	0	"proper"	2020-11-04 19:46:43
"Project 2"	"uvm"	3	0	0	0	3	0	0	3	0	"pilot"	2020-11-04 19:46:43
"Project 2"	"uvm"	2	1	0	0	1	0	0	0	0	"proper"	2020-11-04 19:46:43
"Project 3"	"brown"	3	0	0	0	3	0	0	2	0	"pilot"	2020-11-04 19:46:43
"Project 3"	"uvm"	6	1	0	4	1	0	0	1	0	"pilot"	2020-11-04 19:46:43
"Project 3"	"uvm"	4	2	0	2	0	0	0	0	0	"proper"	2020-11-04 19:46:43
"Project 1"	"0"	0	0	0	0	0	0	0	0	0	"proper"	2020-11-04 19:47:44
"Project 1"	"uvm"	1	0	0	0	1	0	0	1	0	"pilot"	2020-11-04 19:47:44
"Project 1"	"uvm"	6	2	2	1	1	0	0	0	0	"proper"	2020-11-04 19:47:44
"Project 2"	"0"	0	0	0	0	0	0	0	0	0	"proper"	2020-11-04 19:47:44
"Project 2"	"uvm"	3	0	0	0	3	0	0	3	0	"pilot"	2020-11-04 19:47:44
"Project 2"	"uvm"	2	1	0	0	1	0	0	0	0	"proper"	2020-11-04 19:47:44
"Project 3"	"brown"	3	0	0	0	3	0	0	2	0	"pilot"	2020-11-04 19:47:44
"Project 3"	"uvm"	6	1	0	4	1	0	0	1	0	"pilot"	2020-11-04 19:47:44
"Project 3"	"uvm"	4	2	0	2	0	0	0	0	0	"proper"	2020-11-04 19:47:44
"Project 1"	"0"	0	0	0	0	0	0	0	0	0	"proper"	2020-11-04 19:49:32
"Project 1"	"uvm"	1	0	0	0	1	0	0	1	0	"pilot"	2020-11-04 19:49:32
"Project 1"	"uvm"	6	2	2	1	1	0	0	0	0	"proper"	2020-11-04 19:49:32
"Project 2"	"0"	0	0	0	0	0	0	0	0	0	"proper"	2020-11-04 19:49:32
"Project 2"	"uvm"	3	0	0	0	3	0	0	3	0	"pilot"	2020-11-04 19:49:32
"Project 2"	"uvm"	2	1	0	0	1	0	0	0	0	"proper"	2020-11-04 19:49:32
"Project 3"	"brown"	3	0	0	0	3	0	0	2	0	"pilot"	2020-11-04 19:49:32
"Project 3"	"uvm"	6	1	0	4	1	0	0	1	0	"pilot"	2020-11-04 19:49:32
"Project 3"	"uvm"	4	2	0	2	0	0	0	0	0	"proper"	2020-11-04 19:49:32
"Project 1"	"0"	0	0	0	0	0	0	0	0	0	"proper"	2020-11-04 19:55:12
"Project 1"	"uvm"	1	0	0	0	1	0	0	1	0	"pilot"	2020-11-04 19:55:12
"Project 1"	"uvm"	6	2	2	1	1	0	0	0	0	"proper"	2020-11-04 19:55:12
"Project 2"	"0"	0	0	0	0	0	0	0	0	0	"proper"	2020-11-04 19:55:12
"Project 2"	"uvm"	3	0	0	0	3	0	0	3	0	"pilot"	2020-11-04 19:55:12
"Project 2"	"uvm"	2	1	0	0	1	0	0	0	0	"proper"	2020-11-04 19:55:12
"Project 3"	"brown"	3	0	0	0	3	0	0	2	0	"pilot"	2020-11-04 19:55:12
"Project 3"	"uvm"	6	1	0	4	1	0	0	1	0	"pilot"	2020-11-04 19:55:12
"Project 3"	"uvm"	4	2	0	2	0	0	0	0	0	"proper"	2020-11-04 19:55:12
"Project 1"	"0"	0	0	0	0	0	0	0	0	0	"proper"	2020-11-04 20:31:28
"Project 1"	"uvm"	1	0	0	0	1	0	0	1	0	"pilot"	2020-11-04 20:31:28
"Project 1"	"uvm"	6	2	2	1	1	0	0	0	0	"proper"	2020-11-04 20:31:28
"Project 2"	"0"	0	0	0	0	0	0	0	0	0	"proper"	2020-11-04 20:31:28
"Project 2"	"uvm"	3	0	0	0	3	0	0	3	0	"pilot"	2020-11-04 20:31:28
"Project 2"	"uvm"	2	1	0	0	1	0	0	0	0	"proper"	2020-11-04 20:31:28
"Project 3"	"brown"	3	0	0	0	3	0	0	2	0	"pilot"	2020-11-04 20:31:28
"Project 3"	"uvm"	6	1	0	4	1	0	0	1	0	"pilot"	2020-11-04 20:31:28
"Project 3"	"uvm"	4	2	0	2	0	0	0	0	0	"proper"	2020-11-04 20:31:28
"Project 1"	"0"	0	0	0	0	0	0	0	0	0	"proper"	2020-11-04 20:32:27
"Project 1"	"uvm"	1	0	0	0	1	0	0	1	0	"pilot"	2020-11-04 20:32:27
"Project 1"	"uvm"	6	2	2	1	1	0	0	0	0	"proper"	2020-11-04 20:32:27
"Project 2"	"0"	0	0	0	0	0	0	0	0	0	"proper"	2020-11-04 20:32:27
"Project 2"	"uvm"	3	0	0	0	3	0	0	3	0	"pilot"	2020-11-04 20:32:27
"Project 2"	"uvm"	2	1	0	0	1	0	0	0	0	"proper"	2020-11-04 20:32:27
"Project 3"	"brown"	3	0	0	0	3	0	0	2	0	"pilot"	2020-11-04 20:32:27
"Project 3"	"uvm"	6	1	0	4	1	0	0	1	0	"pilot"	2020-11-04 20:32:27
"Project 3"	"uvm"	4	2	0	2	0	0	0	0	0	"proper"	2020-11-04 20:32:27
"Project 1"	"0"	0	0	0	0	0	0	0	0	0	"proper"	2020-11-04 20:34:16
"Project 1"	"uvm"	1	0	0	0	1	0	0	1	0	"pilot"	2020-11-04 20:34:16
"Project 1"	"uvm"	6	2	2	1	1	0	0	0	0	"proper"	2020-11-04 20:34:16
"Project 2"	"0"	0	0	0	0	0	0	0	0	0	"proper"	2020-11-04 20:34:16
"Project 2"	"uvm"	3	0	0	0	3	0	0	3	0	"pilot"	2020-11-04 20:34:16
"Project 2"	"uvm"	2	1	0	0	1	0	0	0	0	"proper"	2020-11-04 20:34:16
"Project 3"	"brown"	3	0	0	0	3	0	0	2	0	"pilot"	2020-11-04 20:34:16
"Project 3"	"uvm"	6	1	0	4	1	0	0	1	0	"pilot"	2020-11-04 20:34:16
"Project 3"	"uvm"	4	2	0	2	0	0	0	0	0	"proper"	2020-11-04 20:34:16
"Project 1"	"0"	0	0	0	0	0	0	0	0	0	"proper"	2020-11-04 20:38:12
"Project 1"	"uvm"	1	0	0	0	1	0	0	1	0	"pilot"	2020-11-04 20:38:12
"Project 1"	"uvm"	6	2	2	1	1	0	0	0	0	"proper"	2020-11-04 20:38:12
"Project 2"	"0"	0	0	0	0	0	0	0	0	0	"proper"	2020-11-04 20:38:12
"Project 2"	"uvm"	3	0	0	0	3	0	0	3	0	"pilot"	2020-11-04 20:38:12
"Project 2"	"uvm"	2	1	0	0	1	0	0	0	0	"proper"	2020-11-04 20:38:12
"Project 3"	"brown"	3	0	0	0	3	0	0	2	0	"pilot"	2020-11-04 20:38:12
"Project 3"	"uvm"	6	1	0	4	1	0	0	1	0	"pilot"	2020-11-04 20:38:12
"Project 3"	"uvm"	4	2	0	2	0	0	0	0	0	"proper"	2020-11-04 20:38:12
"Project 1"	"0"	0	0	0	0	0	0	0	0	0	"proper"	2020-11-04 20:52:57
"Project 1"	"uvm"	1	0	0	0	1	0	0	1	0	"pilot"	2020-11-04 20:52:57
"Project 1"	"uvm"	6	2	2	1	1	0	0	0	0	"proper"	2020-11-04 20:52:57
"Project 2"	"0"	0	0	0	0	0	0	0	0	0	"proper"	2020-11-04 20:52:57
"Project 2"	"uvm"	3	0	0	0	3	0	0	3	0	"pilot"	2020-11-04 20:52:57
"Project 2"	"uvm"	2	1	0	0	1	0	0	0	0	"proper"	2020-11-04 20:52:57
"Project 3"	"brown"	3	0	0	0	3	0	0	2	0	"pilot"	2020-11-04 20:52:57
"Project 3"	"uvm"	6	1	0	4	1	0	0	1	0	"pilot"	2020-11-04 20:52:57
"Project 3"	"uvm"	4	2	0	2	0	0	0	0	0	"proper"	2020-11-04 20:52:57
"Project 1"	"0"	0	0	0	0	0	0	0	0	0	"proper"	2020-11-13 07:31:15
"Project 1"	"uvm"	1	0	0	0	1	0	0	1	0	"pilot"	2020-11-13 07:31:15
"Project 1"	"uvm"	6	2	2	1	1	0	0	0	0	"proper"	2020-11-13 07:31:15
"Project 2"	"0"	0	0	0	0	0	0	0	0	0	"proper"	2020-11-13 07:31:15
"Project 2"	"uvm"	3	0	0	0	3	0	0	3	0	"pilot"	2020-11-13 07:31:15
"Project 2"	"uvm"	2	1	0	0	1	0	0	0	0	"proper"	2020-11-13 07:31:15
"Project 3"	"brown"	3	0	0	0	3	0	0	2	0	"pilot"	2020-11-13 07:31:15
"Project 3"	"uvm"	6	1	0	4	1	0	0	1	0	"pilot"	2020-11-13 07:31:15
"Project 3"	"uvm"	4	2	0	2	0	0	0	0	0	"proper"	2020-11-13 07:31:15
"Project 1"	"0"	0	0	0	0	0	0	0	0	0	"proper"	2020-11-16 09:28:24
"Project 1"	"uvm"	1	0	0	0	1	0	0	1	0	"pilot"	2020-11-16 09:28:24
"Project 1"	"uvm"	6	2	2	1	1	0	0	0	0	"proper"	2020-11-16 09:28:24
"Project 2"	"0"	0	0	0	0	0	0	0	0	0	"proper"	2020-11-16 09:28:24
"Project 2"	"uvm"	3	0	0	0	3	0	0	3	0	"pilot"	2020-11-16 09:28:24
"Project 2"	"uvm"	2	1	0	0	1	0	0	0	0	"proper"	2020-11-16 09:28:24
"Project 3"	"brown"	3	0	0	0	3	0	0	2	0	"pilot"	2020-11-16 09:28:24
"Project 3"	"uvm"	6	1	0	4	1	0	0	1	0	"pilot"	2020-11-16 09:28:24
"Project 3"	"uvm"	4	2	0	2	0	0	0	0	0	"proper"	2020-11-16 09:28:24
"Project 1"	"0"	0	0	0	0	0	0	0	0	0	"proper"	2020-11-16 10:32:04
"Project 1"	"uvm"	1	0	0	0	1	0	0	1	0	"pilot"	2020-11-16 10:32:04
"Project 1"	"uvm"	6	2	2	1	1	0	0	0	0	"proper"	2020-11-16 10:32:04
"Project 2"	"0"	0	0	0	0	0	0	0	0	0	"proper"	2020-11-16 10:32:04
"Project 2"	"uvm"	3	0	0	0	3	0	0	3	0	"pilot"	2020-11-16 10:32:04
"Project 2"	"uvm"	2	1	0	0	1	0	0	0	0	"proper"	2020-11-16 10:32:04
"Project 3"	"brown"	3	0	0	0	3	0	0	2	0	"pilot"	2020-11-16 10:32:04
"Project 3"	"uvm"	6	1	0	4	1	0	0	1	0	"pilot"	2020-11-16 10:32:04
"Project 3"	"uvm"	4	2	0	2	0	0	0	0	0	"proper"	2020-11-16 10:32:04
"Project 1"	"0"	0	0	0	0	0	0	0	0	0	"proper"	2020-11-16 11:00:04
"Project 1"	"uvm"	1	0	0	0	1	0	0	1	0	"pilot"	2020-11-16 11:00:04
"Project 1"	"uvm"	11	6	0	1	4	0	0	0	0	"proper"	2020-11-16 11:00:04
"Project 2"	"0"	0	0	0	0	0	0	0	0	0	"proper"	2020-11-16 11:00:04
"Project 2"	"uvm"	3	0	0	0	3	0	0	3	0	"pilot"	2020-11-16 11:00:04
"Project 2"	"uvm"	6	1	2	2	1	0	0	1	0	"proper"	2020-11-16 11:00:04
"Project 3"	"brown"	3	0	0	0	3	0	0	3	0	"pilot"	2020-11-16 11:00:04
"Project 3"	"uvm"	6	0	0	4	1	1	0	1	0	"pilot"	2020-11-16 11:00:04
"Project 3"	"uvm"	9	5	0	4	0	0	0	0	0	"proper"	2020-11-16 11:00:04
"Project 1"	"0"	0	0	0	0	0	0	0	0	0	"proper"	2020-11-17 13:03:18
"Project 1"	"uvm"	1	0	0	0	1	0	0	1	0	"pilot"	2020-11-17 13:03:18
"Project 1"	"uvm"	11	5	1	1	4	0	0	0	0	"proper"	2020-11-17 13:03:18
"Project 2"	"0"	0	0	0	0	0	0	0	0	0	"proper"	2020-11-17 13:03:18
"Project 2"	"uvm"	3	0	0	0	3	0	0	3	0	"pilot"	2020-11-17 13:03:18
"Project 2"	"uvm"	7	0	2	3	2	0	0	1	0	"proper"	2020-11-17 13:03:18
"Project 3"	"brown"	3	0	0	0	3	0	0	3	0	"pilot"	2020-11-17 13:03:18
"Project 3"	"uvm"	6	0	0	4	1	1	0	1	0	"pilot"	2020-11-17 13:03:18
"Project 3"	"uvm"	10	5	1	4	0	0	0	0	0	"proper"	2020-11-17 13:03:18
"Project 1"	"0"	0	0	0	0	0	0	0	0	0	"proper"	2020-11-17 13:04:28
"Project 1"	"uvm"	1	0	0	0	1	0	0	1	0	"pilot"	2020-11-17 13:04:28
"Project 1"	"uvm"	11	5	1	1	4	0	0	0	0	"proper"	2020-11-17 13:04:28
"Project 2"	"0"	0	0	0	0	0	0	0	0	0	"proper"	2020-11-17 13:04:28
"Project 2"	"uvm"	3	0	0	0	3	0	0	3	0	"pilot"	2020-11-17 13:04:28
"Project 2"	"uvm"	7	0	2	3	2	0	0	1	0	"proper"	2020-11-17 13:04:28
"Project 3"	"brown"	3	0	0	0	3	0	0	3	0	"pilot"	2020-11-17 13:04:28
"Project 3"	"uvm"	6	0	0	4	1	1	0	1	0	"pilot"	2020-11-17 13:04:28
"Project 3"	"uvm"	10	5	1	4	0	0	0	0	0	"proper"	2020-11-17 13:04:28
"Project 1"	"0"	0	0	0	0	0	0	0	0	0	"proper"	2020-11-17 13:05:10
"Project 1"	"uvm"	1	0	0	0	1	0	0	1	0	"pilot"	2020-11-17 13:05:10
"Project 1"	"uvm"	11	5	1	1	4	0	0	0	0	"proper"	2020-11-17 13:05:10
"Project 2"	"0"	0	0	0	0	0	0	0	0	0	"proper"	2020-11-17 13:05:10
"Project 2"	"uvm"	3	0	0	0	3	0	0	3	0	"pilot"	2020-11-17 13:05:10
"Project 2"	"uvm"	7	0	2	3	2	0	0	1	0	"proper"	2020-11-17 13:05:10
"Project 3"	"brown"	3	0	0	0	3	0	0	3	0	"pilot"	2020-11-17 13:05:10
"Project 3"	"uvm"	6	0	0	4	1	1	0	1	0	"pilot"	2020-11-17 13:05:10
"Project 3"	"uvm"	10	5	1	4	0	0	0	0	0	"proper"	2020-11-17 13:05:10
"Project 1"	"0"	0	0	0	0	0	0	0	0	0	"proper"	2020-11-17 15:06:23
"Project 1"	"uvm"	1	0	0	0	1	0	0	1	0	"pilot"	2020-11-17 15:06:23
"Project 1"	"uvm"	13	7	1	1	4	0	0	0	0	"proper"	2020-11-17 15:06:23
"Project 2"	"0"	0	0	0	0	0	0	0	0	0	"proper"	2020-11-17 15:06:23
"Project 2"	"uvm"	3	0	0	0	3	0	0	3	0	"pilot"	2020-11-17 15:06:23
"Project 2"	"uvm"	7	0	2	3	2	0	0	1	0	"proper"	2020-11-17 15:06:23
"Project 3"	"brown"	3	0	0	0	3	0	0	3	0	"pilot"	2020-11-17 15:06:23
"Project 3"	"uvm"	6	0	0	4	1	1	0	1	0	"pilot"	2020-11-17 15:06:23
"Project 3"	"uvm"	10	5	1	4	0	0	0	0	0	"proper"	2020-11-17 15:06:23
"Project 1"	"0"	0	0	0	0	0	0	0	0	0	"proper"	2020-11-17 15:08:03
"Project 1"	"uvm"	1	0	0	0	1	0	0	1	0	"pilot"	2020-11-17 15:08:03
"Project 1"	"uvm"	13	7	1	1	4	0	0	0	0	"proper"	2020-11-17 15:08:03
"Project 2"	"0"	0	0	0	0	0	0	0	0	0	"proper"	2020-11-17 15:08:03
"Project 2"	"uvm"	3	0	0	0	3	0	0	3	0	"pilot"	2020-11-17 15:08:03
"Project 2"	"uvm"	7	0	2	3	2	0	0	1	0	"proper"	2020-11-17 15:08:03
"Project 3"	"brown"	3	0	0	0	3	0	0	3	0	"pilot"	2020-11-17 15:08:03
"Project 3"	"uvm"	6	0	0	4	1	1	0	1	0	"pilot"	2020-11-17 15:08:03
"Project 3"	"uvm"	10	5	1	4	0	0	0	0	0	"proper"	2020-11-17 15:08:03
"Project 1"	"0"	0	0	0	0	0	0	0	0	0	"proper"	2020-11-17 15:16:32
"Project 1"	"uvm"	1	0	0	0	1	0	0	1	0	"pilot"	2020-11-17 15:16:32
"Project 1"	"uvm"	13	7	1	1	4	0	0	0	0	"proper"	2020-11-17 15:16:32
"Project 2"	"0"	0	0	0	0	0	0	0	0	0	"proper"	2020-11-17 15:16:32
"Project 2"	"uvm"	3	0	0	0	3	0	0	3	0	"pilot"	2020-11-17 15:16:32
"Project 2"	"uvm"	7	0	2	3	2	0	0	1	0	"proper"	2020-11-17 15:16:32
"Project 3"	"brown"	3	0	0	0	3	0	0	3	0	"pilot"	2020-11-17 15:16:32
"Project 3"	"uvm"	6	0	0	4	1	1	0	1	0	"pilot"	2020-11-17 15:16:32
"Project 3"	"uvm"	10	5	1	4	0	0	0	0	0	"proper"	2020-11-17 15:16:32
"Project 1"	"0"	0	0	0	0	0	0	0	0	0	"proper"	2020-11-18 07:27:17
"Project 1"	"uvm"	1	0	0	0	1	0	0	1	0	"pilot"	2020-11-18 07:27:17
"Project 1"	"uvm"	13	7	1	1	4	0	0	0	0	"proper"	2020-11-18 07:27:17
"Project 2"	"0"	0	0	0	0	0	0	0	0	0	"proper"	2020-11-18 07:27:17
"Project 2"	"uvm"	3	0	0	0	3	0	0	3	0	"pilot"	2020-11-18 07:27:17
"Project 2"	"uvm"	7	0	1	3	3	0	0	1	0	"proper"	2020-11-18 07:27:17
"Project 3"	"brown"	3	0	0	0	3	0	0	3	0	"pilot"	2020-11-18 07:27:17
"Project 3"	"uvm"	6	0	0	4	1	1	0	1	0	"pilot"	2020-11-18 07:27:17
"Project 3"	"uvm"	10	5	1	4	0	0	0	0	0	"proper"	2020-11-18 07:27:17
"Project 1"	"0"	0	0	0	0	0	0	0	0	0	"proper"	2020-11-23 06:45:14
"Project 1"	"uvm"	1	0	0	0	1	0	0	1	0	"pilot"	2020-11-23 06:45:14
"Project 1"	"uvm"	13	6	0	1	6	0	0	2	0	"proper"	2020-11-23 06:45:14
"Project 2"	"0"	0	0	0	0	0	0	0	0	0	"proper"	2020-11-23 06:45:14
"Project 2"	"uvm"	3	0	0	0	3	0	0	3	0	"pilot"	2020-11-23 06:45:14
"Project 2"	"uvm"	8	1	0	3	4	0	0	1	0	"proper"	2020-11-23 06:45:14
"Project 3"	"brown"	3	0	0	0	3	0	0	3	0	"pilot"	2020-11-23 06:45:14
"Project 3"	"uvm"	6	0	0	4	1	1	0	1	0	"pilot"	2020-11-23 06:45:14
"Project 3"	"uvm"	10	2	4	4	0	0	0	0	0	"proper"	2020-11-23 06:45:14
"Project 1"	"0"	0	0	0	0	0	0	0	0	0	"proper"	2020-11-23 06:51:22
"Project 1"	"uvm"	1	0	0	0	1	0	0	1	0	"pilot"	2020-11-23 06:51:22
"Project 1"	"uvm"	13	6	0	1	6	0	0	2	0	"proper"	2020-11-23 06:51:22
"Project 2"	"0"	0	0	0	0	0	0	0	0	0	"proper"	2020-11-23 06:51:22
"Project 2"	"uvm"	3	0	0	0	3	0	0	3	0	"pilot"	2020-11-23 06:51:22
"Project 2"	"uvm"	8	1	0	3	4	0	0	1	0	"proper"	2020-11-23 06:51:22
"Project 3"	"brown"	3	0	0	0	3	0	0	3	0	"pilot"	2020-11-23 06:51:22
"Project 3"	"uvm"	6	0	0	4	1	1	0	1	0	"pilot"	2020-11-23 06:51:22
"Project 3"	"uvm"	10	2	4	4	0	0	0	0	0	"proper"	2020-11-23 06:51:22
"Project 1"	"0"	0	0	0	0	0	0	0	0	0	"proper"	2021-01-22 10:03:48
"Project 1"	"uvm"	1	0	0	0	1	0	0	1	0	"pilot"	2021-01-22 10:03:48
"Project 1"	"uvm"	18	1	0	3	13	0	1	13	0	"proper"	2021-01-22 10:03:48
"Project 2"	"0"	0	0	0	0	0	0	0	0	0	"proper"	2021-01-22 10:03:48
"Project 2"	"uvm"	3	0	0	0	3	0	0	3	0	"pilot"	2021-01-22 10:03:48
"Project 2"	"uvm"	11	2	0	3	6	0	0	5	0	"proper"	2021-01-22 10:03:48
"Project 3"	"brown"	3	0	0	0	3	0	0	3	0	"pilot"	2021-01-22 10:03:48
"Project 3"	"brown"	8	1	0	4	3	0	0	3	0	"proper"	2021-01-22 10:03:48
"Project 3"	"uvm"	6	0	0	5	0	0	0	1	1	"pilot"	2021-01-22 10:03:48
"Project 3"	"uvm"	21	2	1	9	8	1	0	6	0	"proper"	2021-01-22 10:03:48
"Project 1"	"0"	0	0	0	0	0	0	0	0	0	"proper"	2021-01-22 10:53:46
"Project 1"	"uvm"	1	0	0	0	1	0	0	1	0	"pilot"	2021-01-22 10:53:46
"Project 1"	"uvm"	18	1	0	3	13	0	1	13	0	"proper"	2021-01-22 10:53:46
"Project 2"	"0"	0	0	0	0	0	0	0	0	0	"proper"	2021-01-22 10:53:46
"Project 2"	"uvm"	3	0	0	0	3	0	0	3	0	"pilot"	2021-01-22 10:53:46
"Project 2"	"uvm"	11	2	0	3	6	0	0	5	0	"proper"	2021-01-22 10:53:46
"Project 3"	"brown"	3	0	0	0	3	0	0	3	0	"pilot"	2021-01-22 10:53:46
"Project 3"	"brown"	8	1	0	4	3	0	0	3	0	"proper"	2021-01-22 10:53:46
"Project 3"	"uvm"	6	0	0	5	0	0	0	1	1	"pilot"	2021-01-22 10:53:46
"Project 3"	"uvm"	21	2	1	9	8	1	0	6	0	"proper"	2021-01-22 10:53:46
"Project 1"	"0"	0	0	0	0	0	0	0	0	0	"proper"	2021-01-22 12:04:26
"Project 1"	"uvm"	1	0	0	0	1	0	0	1	0	"pilot"	2021-01-22 12:04:26
"Project 1"	"uvm"	18	1	0	3	13	0	1	13	0	"proper"	2021-01-22 12:04:26
"Project 2"	"0"	0	0	0	0	0	0	0	0	0	"proper"	2021-01-22 12:04:26
"Project 2"	"uvm"	3	0	0	0	3	0	0	3	0	"pilot"	2021-01-22 12:04:26
"Project 2"	"uvm"	11	2	0	3	6	0	0	5	0	"proper"	2021-01-22 12:04:26
"Project 3"	"brown"	3	0	0	0	3	0	0	3	0	"pilot"	2021-01-22 12:04:26
"Project 3"	"brown"	8	1	0	4	3	0	0	3	0	"proper"	2021-01-22 12:04:26
"Project 3"	"uvm"	6	0	0	5	0	0	0	1	1	"pilot"	2021-01-22 12:04:26
"Project 3"	"uvm"	21	2	1	9	8	1	0	6	0	"proper"	2021-01-22 12:04:26
"Project 1"	"0"	0	0	0	0	0	0	0	0	0	"proper"	2021-02-16 10:44:35
"Project 1"	"uvm"	1	0	0	0	0	0	0	1	1	"pilot"	2021-02-16 10:44:35
"Project 1"	"uvm"	19	0	0	3	15	0	1	14	0	"proper"	2021-02-16 10:44:35
"Project 2"	"0"	0	0	0	0	0	0	0	0	0	"proper"	2021-02-16 10:44:35
"Project 2"	"uvm"	3	0	0	0	1	0	0	3	2	"pilot"	2021-02-16 10:44:35
"Project 2"	"uvm"	14	1	0	3	10	0	0	6	0	"proper"	2021-02-16 10:44:35
"Project 3"	"brown"	3	0	0	0	2	0	1	3	0	"pilot"	2021-02-16 10:44:35
"Project 3"	"brown"	15	1	0	9	5	0	0	3	0	"proper"	2021-02-16 10:44:35
"Project 3"	"uvm"	6	0	0	5	0	0	0	1	1	"pilot"	2021-02-16 10:44:35
"Project 3"	"uvm"	28	3	1	12	11	1	0	9	0	"proper"	2021-02-16 10:44:35
"Project 1"	"0"	0	0	0	0	0	0	0	0	0	"proper"	2021-02-22 12:51:04
"Project 1"	"uvm"	1	0	0	0	0	0	0	1	1	"pilot"	2021-02-22 12:51:04
"Project 1"	"uvm"	20	0	0	4	13	0	3	14	0	"proper"	2021-02-22 12:51:04
"Project 2"	"0"	0	0	0	0	0	0	0	0	0	"proper"	2021-02-22 12:51:04
"Project 2"	"uvm"	3	0	0	0	1	0	0	3	2	"pilot"	2021-02-22 12:51:04
"Project 2"	"uvm"	17	2	0	5	10	0	0	9	0	"proper"	2021-02-22 12:51:04
"Project 3"	"brown"	3	0	0	0	1	0	1	3	1	"pilot"	2021-02-22 12:51:04
"Project 3"	"brown"	15	0	0	10	5	0	0	4	0	"proper"	2021-02-22 12:51:04
"Project 3"	"uvm"	6	0	0	5	0	0	0	1	1	"pilot"	2021-02-22 12:51:04
"Project 3"	"uvm"	29	1	0	15	12	1	0	9	0	"proper"	2021-02-22 12:51:04
"Project 1"	"0"	0	0	0	0	0	0	0	0	0	"proper"	2021-02-22 15:09:32
"Project 1"	"uvm"	1	0	0	0	0	0	0	1	1	"pilot"	2021-02-22 15:09:32
"Project 1"	"uvm"	20	0	0	4	13	0	3	14	0	"proper"	2021-02-22 15:09:32
"Project 2"	"0"	0	0	0	0	0	0	0	0	0	"proper"	2021-02-22 15:09:32
"Project 2"	"uvm"	3	0	0	0	1	0	0	3	2	"pilot"	2021-02-22 15:09:32
"Project 2"	"uvm"	17	2	0	5	10	0	0	9	0	"proper"	2021-02-22 15:09:32
"Project 3"	"brown"	3	0	0	0	1	0	1	3	1	"pilot"	2021-02-22 15:09:32
"Project 3"	"brown"	15	0	0	10	5	0	0	4	0	"proper"	2021-02-22 15:09:32
"Project 3"	"uvm"	6	0	0	5	0	0	0	1	1	"pilot"	2021-02-22 15:09:32
"Project 3"	"uvm"	29	1	0	15	12	1	0	9	0	"proper"	2021-02-22 15:09:32
"Project 1"	"0"	0	0	0	0	0	0	0	0	0	"proper"	2021-03-03 14:39:38
"Project 1"	"uvm"	1	0	0	0	0	0	0	1	1	"pilot"	2021-03-03 14:39:38
"Project 1"	"uvm"	21	0	0	6	11	1	3	14	0	"proper"	2021-03-03 14:39:38
"Project 2"	"0"	0	0	0	0	0	0	0	0	0	"proper"	2021-03-03 14:39:38
"Project 2"	"uvm"	3	0	0	0	1	0	0	3	2	"pilot"	2021-03-03 14:39:38
"Project 2"	"uvm"	18	0	0	7	10	0	0	10	1	"proper"	2021-03-03 14:39:38
"Project 3"	"brown"	3	0	0	0	0	0	1	3	2	"pilot"	2021-03-03 14:39:38
"Project 3"	"brown"	16	1	0	10	5	0	0	5	0	"proper"	2021-03-03 14:39:38
"Project 3"	"uvm"	6	0	0	5	0	0	0	1	1	"pilot"	2021-03-03 14:39:38
"Project 3"	"uvm"	29	1	0	15	12	1	0	10	0	"proper"	2021-03-03 14:39:38
"Project 1"	"0"	0	0	0	0	0	0	0	0	0	"proper"	2021-03-05 12:23:27
"Project 1"	"uvm"	1	0	0	0	0	0	0	1	1	"pilot"	2021-03-05 12:23:27
"Project 1"	"uvm"	21	0	0	6	11	1	3	14	0	"proper"	2021-03-05 12:23:27
"Project 2"	"0"	0	0	0	0	0	0	0	0	0	"proper"	2021-03-05 12:23:27
"Project 2"	"uvm"	3	0	0	0	1	0	0	3	2	"pilot"	2021-03-05 12:23:27
"Project 2"	"uvm"	18	0	0	7	10	0	0	10	1	"proper"	2021-03-05 12:23:27
"Project 3"	"brown"	3	0	0	0	0	0	1	3	2	"pilot"	2021-03-05 12:23:27
"Project 3"	"brown"	16	0	1	10	5	0	0	5	0	"proper"	2021-03-05 12:23:27
"Project 3"	"uvm"	6	0	0	5	0	0	0	1	1	"pilot"	2021-03-05 12:23:27
"Project 3"	"uvm"	29	1	0	15	12	1	0	12	0	"proper"	2021-03-05 12:23:27
"Project 1"	"0"	0	0	0	0	0	0	0	0	0	"proper"	2021-03-05 12:26:56
"Project 1"	"uvm"	1	0	0	0	0	0	0	1	1	"pilot"	2021-03-05 12:26:56
"Project 1"	"uvm"	21	0	0	6	11	1	3	14	0	"proper"	2021-03-05 12:26:56
"Project 2"	"0"	0	0	0	0	0	0	0	0	0	"proper"	2021-03-05 12:26:56
"Project 2"	"uvm"	3	0	0	0	1	0	0	3	2	"pilot"	2021-03-05 12:26:56
"Project 2"	"uvm"	18	0	0	7	10	0	0	10	1	"proper"	2021-03-05 12:26:56
"Project 3"	"brown"	3	0	0	0	0	0	1	3	2	"pilot"	2021-03-05 12:26:56
"Project 3"	"brown"	16	0	1	10	5	0	0	5	0	"proper"	2021-03-05 12:26:56
"Project 3"	"uvm"	6	0	0	5	0	0	0	1	1	"pilot"	2021-03-05 12:26:56
"Project 3"	"uvm"	29	1	0	15	12	1	0	12	0	"proper"	2021-03-05 12:26:56
"Project 1"	"0"	0	0	0	0	0	0	0	0	0	"proper"	2021-03-16 07:33:57
"Project 1"	"uvm"	1	0	0	0	0	0	0	1	1	"pilot"	2021-03-16 07:33:57
"Project 1"	"uvm"	21	0	0	6	8	1	4	14	2	"proper"	2021-03-16 07:33:57
"Project 2"	"0"	0	0	0	0	0	0	0	0	0	"proper"	2021-03-16 07:33:57
"Project 2"	"uvm"	3	0	0	0	0	0	1	3	2	"pilot"	2021-03-16 07:33:57
"Project 2"	"uvm"	18	0	0	7	10	0	0	11	1	"proper"	2021-03-16 07:33:57
"Project 3"	"brown"	3	0	0	0	0	0	1	3	2	"pilot"	2021-03-16 07:33:57
"Project 3"	"brown"	19	1	0	12	4	0	2	5	0	"proper"	2021-03-16 07:33:57
"Project 3"	"uvm"	6	0	0	5	0	0	0	1	1	"pilot"	2021-03-16 07:33:57
"Project 3"	"uvm"	31	1	0	16	12	1	1	12	0	"proper"	2021-03-16 07:33:57
"Project 1"	"0"	0	0	0	0	0	0	0	0	0	"proper"	2021-03-16 16:31:11
"Project 1"	"uvm"	1	0	0	0	0	0	0	1	1	"pilot"	2021-03-16 16:31:11
"Project 1"	"uvm"	21	0	0	6	8	1	4	14	2	"proper"	2021-03-16 16:31:11
"Project 2"	"0"	0	0	0	0	0	0	0	0	0	"proper"	2021-03-16 16:31:11
"Project 2"	"uvm"	3	0	0	0	0	0	1	3	2	"pilot"	2021-03-16 16:31:11
"Project 2"	"uvm"	18	0	0	7	10	0	0	11	1	"proper"	2021-03-16 16:31:11
"Project 3"	"brown"	3	0	0	0	0	0	1	3	2	"pilot"	2021-03-16 16:31:11
"Project 3"	"brown"	21	2	0	13	4	0	2	5	0	"proper"	2021-03-16 16:31:11
"Project 3"	"uvm"	6	0	0	5	0	0	0	1	1	"pilot"	2021-03-16 16:31:11
"Project 3"	"uvm"	31	1	0	16	12	1	1	12	0	"proper"	2021-03-16 16:31:11
"Project 1"	"0"	0	0	0	0	0	0	0	0	0	"proper"	2021-03-22 13:12:42
"Project 1"	"uvm"	1	0	0	0	0	0	0	1	1	"pilot"	2021-03-22 13:12:42
"Project 1"	"uvm"	21	0	0	6	7	1	4	14	3	"proper"	2021-03-22 13:12:42
"Project 2"	"0"	0	0	0	0	0	0	0	0	0	"proper"	2021-03-22 13:12:42
"Project 2"	"uvm"	3	0	0	0	0	0	1	3	2	"pilot"	2021-03-22 13:12:42
"Project 2"	"uvm"	18	0	0	7	10	0	0	11	1	"proper"	2021-03-22 13:12:42
"Project 3"	"brown"	3	0	0	0	0	0	1	3	2	"pilot"	2021-03-22 13:12:42
"Project 3"	"brown"	24	0	1	16	5	0	2	6	0	"proper"	2021-03-22 13:12:42
"Project 3"	"uvm"	6	0	0	5	0	0	0	1	1	"pilot"	2021-03-22 13:12:42
"Project 3"	"uvm"	33	3	0	16	12	1	1	12	0	"proper"	2021-03-22 13:12:42
"Project 1"	"0"	0	0	0	0	0	0	0	0	0	"proper"	2021-03-22 13:24:36
"Project 1"	"uvm"	1	0	0	0	0	0	0	1	1	"pilot"	2021-03-22 13:24:36
"Project 1"	"uvm"	21	0	0	6	7	1	4	14	3	"proper"	2021-03-22 13:24:36
"Project 2"	"0"	0	0	0	0	0	0	0	0	0	"proper"	2021-03-22 13:24:36
"Project 2"	"uvm"	3	0	0	0	0	0	1	3	2	"pilot"	2021-03-22 13:24:36
"Project 2"	"uvm"	18	0	0	7	10	0	0	11	1	"proper"	2021-03-22 13:24:36
"Project 3"	"brown"	3	0	0	0	0	0	1	3	2	"pilot"	2021-03-22 13:24:36
"Project 3"	"brown"	24	0	1	16	5	0	2	6	0	"proper"	2021-03-22 13:24:36
"Project 3"	"uvm"	6	0	0	5	0	0	0	1	1	"pilot"	2021-03-22 13:24:36
"Project 3"	"uvm"	33	3	0	16	12	1	1	12	0	"proper"	2021-03-22 13:24:36
"Project 1"	"0"	0	0	0	0	0	0	0	0	0	"proper"	2021-03-31 14:14:34
"Project 1"	"uvm"	1	0	0	0	0	0	0	1	1	"pilot"	2021-03-31 14:14:34
"Project 1"	"uvm"	22	1	0	6	6	1	4	14	4	"proper"	2021-03-31 14:14:34
"Project 2"	"0"	0	0	0	0	0	0	0	0	0	"proper"	2021-03-31 14:14:34
"Project 2"	"uvm"	3	0	0	0	0	0	1	3	2	"pilot"	2021-03-31 14:14:34
"Project 2"	"uvm"	20	1	0	8	8	0	0	11	3	"proper"	2021-03-31 14:14:34
"Project 3"	"brown"	3	0	0	0	0	0	1	3	2	"pilot"	2021-03-31 14:14:34
"Project 3"	"brown"	26	0	0	17	7	0	2	6	0	"proper"	2021-03-31 14:14:34
"Project 3"	"uvm"	6	0	0	5	0	0	0	1	1	"pilot"	2021-03-31 14:14:34
"Project 3"	"uvm"	35	3	0	16	14	1	1	13	0	"proper"	2021-03-31 14:14:34
"Project 1"	"0"	0	0	0	0	0	0	0	0	0	"proper"	2021-04-06 10:10:32
"Project 1"	"uvm"	1	0	0	0	0	0	0	1	1	"pilot"	2021-04-06 10:10:32
"Project 1"	"uvm"	22	0	0	6	4	1	4	14	7	"proper"	2021-04-06 10:10:32
"Project 2"	"0"	0	0	0	0	0	0	0	0	0	"proper"	2021-04-06 10:10:32
"Project 2"	"uvm"	3	0	0	0	0	0	1	3	2	"pilot"	2021-04-06 10:10:32
"Project 2"	"uvm"	20	1	0	8	8	0	0	11	3	"proper"	2021-04-06 10:10:32
"Project 3"	"brown"	3	0	0	0	0	0	1	3	2	"pilot"	2021-04-06 10:10:32
"Project 3"	"brown"	26	0	0	17	7	0	2	7	0	"proper"	2021-04-06 10:10:32
"Project 3"	"uvm"	6	0	0	5	0	0	0	1	1	"pilot"	2021-04-06 10:10:32
"Project 3"	"uvm"	35	2	1	16	14	1	1	13	0	"proper"	2021-04-06 10:10:32
"Project 1"	"0"	0	0	0	0	0	0	0	0	0	"proper"	2021-04-06 10:11:47
"Project 1"	"uvm"	1	0	0	0	0	0	0	1	1	"pilot"	2021-04-06 10:11:47
"Project 1"	"uvm"	22	0	0	6	4	1	4	14	7	"proper"	2021-04-06 10:11:47
"Project 2"	"0"	0	0	0	0	0	0	0	0	0	"proper"	2021-04-06 10:11:47
"Project 2"	"uvm"	3	0	0	0	0	0	1	3	2	"pilot"	2021-04-06 10:11:47
"Project 2"	"uvm"	20	1	0	8	8	0	0	11	3	"proper"	2021-04-06 10:11:47
"Project 3"	"brown"	3	0	0	0	0	0	1	3	2	"pilot"	2021-04-06 10:11:47
"Project 3"	"brown"	26	0	0	17	7	0	2	7	0	"proper"	2021-04-06 10:11:47
"Project 3"	"uvm"	6	0	0	5	0	0	0	1	1	"pilot"	2021-04-06 10:11:47
"Project 3"	"uvm"	35	2	1	16	14	1	1	13	0	"proper"	2021-04-06 10:11:47
"Project 1"	"0"	0	0	0	0	0	0	0	0	0	"proper"	2021-04-16 11:08:46
"Project 1"	"uvm"	1	0	0	0	0	0	0	1	1	"pilot"	2021-04-16 11:08:46
"Project 1"	"uvm"	24	1	0	7	4	1	4	15	7	"proper"	2021-04-16 11:08:46
"Project 2"	"0"	0	0	0	0	0	0	0	0	0	"proper"	2021-04-16 11:08:46
"Project 2"	"uvm"	3	0	0	0	0	0	1	3	2	"pilot"	2021-04-16 11:08:46
"Project 2"	"uvm"	20	0	0	8	8	0	0	11	4	"proper"	2021-04-16 11:08:46
"Project 3"	"brown"	3	0	0	0	0	0	1	3	2	"pilot"	2021-04-16 11:08:46
"Project 3"	"brown"	29	1	0	19	7	0	2	9	0	"proper"	2021-04-16 11:08:46
"Project 3"	"uvm"	6	0	0	5	0	0	0	1	1	"pilot"	2021-04-16 11:08:46
"Project 3"	"uvm"	36	3	0	16	13	1	1	15	2	"proper"	2021-04-16 11:08:46
"Project 1"	"0"	0	0	0	0	0	0	0	0	0	"proper"	2021-04-16 11:12:41
"Project 1"	"uvm"	1	0	0	0	0	0	0	1	1	"pilot"	2021-04-16 11:12:41
"Project 1"	"uvm"	24	1	0	7	4	1	4	15	7	"proper"	2021-04-16 11:12:41
"Project 2"	"0"	0	0	0	0	0	0	0	0	0	"proper"	2021-04-16 11:12:41
"Project 2"	"uvm"	3	0	0	0	0	0	1	3	2	"pilot"	2021-04-16 11:12:41
"Project 2"	"uvm"	20	0	0	8	8	0	0	11	4	"proper"	2021-04-16 11:12:41
"Project 3"	"brown"	3	0	0	0	0	0	1	3	2	"pilot"	2021-04-16 11:12:41
"Project 3"	"brown"	29	1	0	19	7	0	2	9	0	"proper"	2021-04-16 11:12:41
"Project 3"	"uvm"	6	0	0	5	0	0	0	1	1	"pilot"	2021-04-16 11:12:41
"Project 3"	"uvm"	36	3	0	16	13	1	1	15	2	"proper"	2021-04-16 11:12:41
"Project 1"	"0"	0	0	0	0	0	0	0	0	0	"proper"	2021-04-16 11:12:57
"Project 1"	"uvm"	1	0	0	0	0	0	0	1	1	"pilot"	2021-04-16 11:12:57
"Project 1"	"uvm"	24	1	0	7	4	1	4	15	7	"proper"	2021-04-16 11:12:57
"Project 2"	"0"	0	0	0	0	0	0	0	0	0	"proper"	2021-04-16 11:12:57
"Project 2"	"uvm"	3	0	0	0	0	0	1	3	2	"pilot"	2021-04-16 11:12:57
"Project 2"	"uvm"	20	0	0	8	8	0	0	11	4	"proper"	2021-04-16 11:12:57
"Project 3"	"brown"	3	0	0	0	0	0	1	3	2	"pilot"	2021-04-16 11:12:57
"Project 3"	"brown"	29	1	0	19	7	0	2	9	0	"proper"	2021-04-16 11:12:57
"Project 3"	"uvm"	6	0	0	5	0	0	0	1	1	"pilot"	2021-04-16 11:12:57
"Project 3"	"uvm"	36	3	0	16	13	1	1	15	2	"proper"	2021-04-16 11:12:57
"Project 1"	"0"	0	0	0	0	0	0	0	0	0	"proper"	2021-04-26 08:12:36
"Project 1"	"uvm"	1	0	0	0	0	0	0	1	1	"pilot"	2021-04-26 08:12:36
"Project 1"	"uvm"	24	1	0	7	4	1	4	15	7	"proper"	2021-04-26 08:12:36
"Project 2"	"0"	0	0	0	0	0	0	0	0	0	"proper"	2021-04-26 08:12:36
"Project 2"	"uvm"	3	0	0	0	0	0	1	3	2	"pilot"	2021-04-26 08:12:36
"Project 2"	"uvm"	21	0	0	9	5	0	2	11	5	"proper"	2021-04-26 08:12:36
"Project 3"	"brown"	3	0	0	0	0	0	1	3	2	"pilot"	2021-04-26 08:12:36
"Project 3"	"brown"	29	1	0	19	7	0	2	9	0	"proper"	2021-04-26 08:12:36
"Project 3"	"uvm"	6	0	0	5	0	0	0	1	1	"pilot"	2021-04-26 08:12:36
"Project 3"	"uvm"	38	2	0	18	13	1	2	16	2	"proper"	2021-04-26 08:12:36
"Project 1"	"0"	0	0	0	0	0	0	0	0	0	"proper"	2021-05-05 17:02:56
"Project 1"	"uvm"	1	0	0	0	0	0	0	1	1	"pilot"	2021-05-05 17:02:56
"Project 1"	"uvm"	26	2	0	8	2	1	4	15	9	"proper"	2021-05-05 17:02:56
"Project 2"	"0"	0	0	0	0	0	0	0	0	0	"proper"	2021-05-05 17:02:56
"Project 2"	"uvm"	3	0	0	0	0	0	1	3	2	"pilot"	2021-05-05 17:02:56
"Project 2"	"uvm"	23	2	0	9	5	0	2	12	5	"proper"	2021-05-05 17:02:56
"Project 3"	"brown"	3	0	0	0	0	0	1	3	2	"pilot"	2021-05-05 17:02:56
"Project 3"	"brown"	30	1	0	19	7	0	2	9	1	"proper"	2021-05-05 17:02:56
"Project 3"	"uvm"	6	0	0	5	0	0	0	1	1	"pilot"	2021-05-05 17:02:56
"Project 3"	"uvm"	38	2	0	18	9	1	4	16	4	"proper"	2021-05-05 17:02:56
"Project 1"	"0"	0	0	0	0	0	0	0	0	0	"proper"	2021-05-11 15:35:05
"Project 1"	"uvm"	1	0	0	0	0	0	0	1	1	"pilot"	2021-05-11 15:35:05
"Project 1"	"uvm"	27	2	0	8	3	1	4	15	9	"proper"	2021-05-11 15:35:05
"Project 2"	"0"	0	0	0	0	0	0	0	0	0	"proper"	2021-05-11 15:35:05
"Project 2"	"uvm"	3	0	0	0	0	0	1	3	2	"pilot"	2021-05-11 15:35:05
"Project 2"	"uvm"	23	1	0	10	5	0	2	12	5	"proper"	2021-05-11 15:35:05
"Project 3"	"brown"	3	0	0	0	0	0	1	3	2	"pilot"	2021-05-11 15:35:05
"Project 3"	"brown"	31	2	0	19	7	0	2	10	1	"proper"	2021-05-11 15:35:05
"Project 3"	"uvm"	6	0	0	5	0	0	0	1	1	"pilot"	2021-05-11 15:35:05
"Project 3"	"uvm"	41	4	0	18	10	1	4	17	4	"proper"	2021-05-11 15:35:05
"Project 1"	"0"	0	0	0	0	0	0	0	0	0	"proper"	2021-05-17 08:07:28
"Project 1"	"uvm"	1	0	0	0	0	0	0	1	1	"pilot"	2021-05-17 08:07:28
"Project 1"	"uvm"	28	3	0	8	3	1	4	15	9	"proper"	2021-05-17 08:07:28
"Project 2"	"0"	0	0	0	0	0	0	0	0	0	"proper"	2021-05-17 08:07:28
"Project 2"	"uvm"	3	0	0	0	0	0	1	3	2	"pilot"	2021-05-17 08:07:28
"Project 2"	"uvm"	23	1	0	10	5	0	2	12	5	"proper"	2021-05-17 08:07:28
"Project 3"	"brown"	3	0	0	0	0	0	1	3	2	"pilot"	2021-05-17 08:07:28
"Project 3"	"brown"	31	2	0	19	7	0	2	10	1	"proper"	2021-05-17 08:07:28
"Project 3"	"uvm"	6	0	0	5	0	0	0	1	1	"pilot"	2021-05-17 08:07:28
"Project 3"	"uvm"	43	6	0	18	10	1	4	17	4	"proper"	2021-05-17 08:07:28
