"site"	"TV"	"radio"	"metro_news"	"neighborhood_news"	"flyer"	"facebook"	"craigslist"	"bus_ad"	"pt_in_other_studies"	"clin_trials_web"	"direct_mail"	"other_person"	"other"	"instagram"	"google"	"front_porch_forum"	"reddit"	"youtube"	"tiktok"	"spotify"	"date"
"brown"	0	0	0	0	0	2	5	61	11	6	0	6	8	0	0	0	0	0	0	0	2021-03-28 09:26:20
"uvm"	2	0	1	2	46	536	69	2	91	10	39	73	120	1	2	4	0	0	3	0	2021-03-28 09:26:20
"brown"	0	0	0	0	0	2	5	61	11	6	0	6	8	0	0	0	0	0	0	0	2021-03-29 09:27:21
"uvm"	2	0	1	2	46	536	69	2	91	10	39	73	120	1	2	4	0	0	3	0	2021-03-29 09:27:21
"brown"	0	0	0	0	0	2	6	65	11	6	0	6	8	0	0	0	0	0	0	0	2021-03-31 14:14:32
"uvm"	2	0	1	2	46	543	69	2	91	10	39	73	120	1	2	5	0	0	5	0	2021-03-31 14:14:32
"brown"	0	0	0	0	0	2	6	65	11	6	0	6	8	0	0	0	0	0	0	0	2021-04-06 10:10:29
"uvm"	2	0	1	2	46	543	69	2	91	10	39	73	120	1	2	5	0	0	5	0	2021-04-06 10:10:29
"brown"	0	0	0	0	0	3	6	67	11	6	0	6	8	0	0	0	0	0	0	0	2021-04-06 10:11:45
"jhu"	0	0	0	0	0	0	0	1	0	0	0	0	0	0	0	0	0	0	0	0	2021-04-06 10:11:45
"uvm"	2	0	1	2	48	553	69	2	91	10	39	73	121	1	2	9	0	0	7	0	2021-04-06 10:11:45
